id,nome,sobrenome,localidade,genero,departamento
1,Dania,Portal,Geghanist,Female,Beauty
2,Nicolina,Inchcomb,Gengqing,Female,Shoes
3,Imojean,Priscott,Río Alejandro,Female,Jewelry
4,Randell,Hourihane,Karangtengah Lor,Male,Grocery
5,Rurik,Cooke,San Diego,Male,Sports
6,Irwin,Bann,Zhuangshi,Male,Home
7,Merrick,Barhims,San Manuel,Male,Grocery
8,Leslie,Brehaut,Wangpu,Male,Automotive
9,Griff,Rawlingson,Cruz de Pau,Genderqueer,Books
10,Nissie,Puddifer,Daoukro,Female,Electronics
11,Evanne,Jubb,Loa Janan,Female,Computers
12,Danette,Wernham,Xiping,Female,Sports
13,Kyla,Rizzo,Consolación del Sur,Female,Health
14,Ole,Beards,Weiqi,Male,Jewelry
15,Linn,Bust,Xiwang,Female,Automotive
16,Frederik,Ensor,Khánh Hải,Male,Clothing
17,Janenna,Limbourne,Sarnów,Female,Home
18,Gabriela,Bowdon,Los Charrúas,Female,Industrial
19,Ardys,Chadwen,Tan-Tan,Female,Beauty
20,Page,Harsum,Mafa,Agender,Tools
21,Mattias,Hacket,Mangas,Male,Books
22,Annice,Beall,Wuxia,Female,Clothing
23,Grenville,Poe,Tangerang,Male,Sports
24,Alphonso,Beevors,Mników,Male,Music
25,Jenelle,Bertot,Alençon,Female,Grocery
26,Skippy,Biggerdike,Stockholm,Male,Garden
27,Berget,Durn,Nanton,Female,Beauty
28,Lauralee,Ternouth,København,Female,Garden
29,Perl,Ogger,Pajé,Female,Health
30,Benetta,Dearness,Randusari,Female,Kids
31,Jacqui,Giovannelli,Orlovka,Female,Clothing
32,Sarina,Piddlehinton,Bestovje,Female,Sports
33,Penelope,Tranter,Pingyao,Female,Tools
34,Veronika,MacArte,Alakak,Female,Electronics
35,Lauritz,Casazza,Västerås,Male,Computers
36,Noe,Lyngsted,Spas’ke,Male,Automotive
37,Bidget,Dumberell,Margahayu,Female,Home
38,Clara,Durrant,Suwa,Female,Electronics
39,Conchita,Dicey,Lalig,Female,Garden
40,Ganny,Phillins,Tongguan,Male,Beauty
41,Davie,Bates,Fada N'gourma,Male,Jewelry
42,Mona,Tolson,Matozinhos,Female,Movies
43,Ezmeralda,Nutten,Dijon,Female,Outdoors
44,Fons,Smittoune,Santa Fe,Male,Garden
45,Byron,Majury,Shihua,Male,Shoes
46,Siouxie,D'orsay,Glatik,Female,Shoes
47,Jordanna,Ledgister,Buíque,Female,Automotive
48,Magdalena,Lant,Boršice,Female,Toys
49,Daron,Windibank,Xinglongquan,Male,Kids
50,Valentina,Jauncey,Ruzayevka,Female,Automotive
51,Austen,Gillhespy,Seshcha,Male,Books
52,Lizabeth,Mapes,Tucupido,Female,Sports
53,Carmelita,Pretsel,La Sierpe,Genderqueer,Shoes
54,Dur,George,Boncong,Male,Electronics
55,Lodovico,Kittel,Zuitou,Male,Outdoors
56,Harlan,Capener,Morales,Male,Outdoors
57,De witt,Reasun,Fukuma,Male,Outdoors
58,Tuckie,Skellorne,Ad Dimnah,Male,Home
59,Theodora,Farres,Peruc,Polygender,Jewelry
60,Falito,Craydon,Qiubin,Agender,Beauty
61,Winifield,Dawley,Gondar,Male,Grocery
62,Deloria,Spiteri,Prilep,Female,Computers
63,Worth,Fortune,Dapdapan,Male,Sports
64,Wilfred,Snookes,Moret-sur-Loing,Male,Baby
65,Llywellyn,Cecchi,Boka,Bigender,Baby
66,Sada,Jenking,Headlands,Genderfluid,Clothing
67,Iago,Chaperlin,Carig,Male,Music
68,Barbaraanne,Pieche,Osan,Female,Garden
69,Tammie,Rillett,Valdosta,Male,Sports
70,Gordy,Mattingley,Danao,Male,Tools
71,Jyoti,Gosdin,Igbor,Female,Home
72,Jorgan,Squibe,Los Lotes,Male,Toys
73,Che,Bennough,Gengwan,Male,Movies
74,Reuven,Haquard,Lazaro Cardenas,Male,Music
75,Maureen,Trillo,Tayug,Female,Music
76,Mag,Usher,Langford,Female,Shoes
77,Barrett,Rolfe,Bagnolet,Male,Games
78,Marijo,Brimming,Yinghai,Female,Baby
79,Kirsten,Bircher,Shiraoi,Female,Automotive
80,Guthry,Cominotti,Palompon,Male,Electronics
81,Norina,Everitt,Daohe,Female,Shoes
82,Donnie,Andrzejak,Nytva,Female,Kids
83,Eugenie,Ridger,Bayt ‘Adhāqah,Female,Garden
84,Dane,Le Estut,São Roque,Male,Shoes
85,Brander,Hessay,Malo,Male,Grocery
86,Joli,Guinery,Laguna Limpia,Genderfluid,Industrial
87,Franky,Fischer,Kitob,Male,Kids
88,Constance,Crayton,Dalang,Female,Outdoors
89,Fania,Hercock,Nacka,Female,Grocery
90,Gunar,Mantripp,Karasuk,Male,Tools
91,Roselia,Maycock,Pexiligais,Female,Computers
92,Angeline,Woolaston,Zhengdonglu,Female,Clothing
93,Mendie,Sharrier,Lazaro Cardenas,Male,Industrial
94,Cati,Vurley,Urbano Noris,Female,Industrial
95,Isahella,Creegan,Kekeran,Female,Kids
96,Portie,Stallard,Siparia,Male,Toys
97,Noelle,Bockett,Xuebu,Female,Movies
98,L;urette,Bartolomeu,Bailadores,Female,Music
99,Mariele,Tubridy,Venilale,Female,Games
100,Franky,Vanyashin,Plataran,Male,Automotive
101,Roxy,Camamill,Chợ Mới,Female,Baby
102,Prent,Deinhardt,Bamban,Male,Beauty
103,Dani,Hockell,Krajan Karanganyar,Female,Electronics
104,Cassius,MacCollom,Xinhui,Male,Beauty
105,Siobhan,Lewinton,Bayang,Female,Automotive
106,Elia,Castano,Genang,Male,Clothing
107,Shawn,Myhan,Andaray,Female,Games
108,Putnem,Chellam,Grabów,Male,Movies
109,Bernetta,Brummell,Daleman,Female,Clothing
110,Glory,Cohen,Chigoré,Female,Outdoors
111,Reeba,Skechley,Chicago,Female,Games
112,Stormie,Storch,Navegantes,Female,Beauty
113,Catina,Churm,Río Guayabal de Yateras,Female,Toys
114,Georgie,Place,Pogórze,Male,Kids
115,Nathalia,Paula,Bebekan,Female,Garden
116,Smitty,Bollon,Mariental,Male,Games
117,Staford,Winpenny,Lanshan,Male,Electronics
118,Diana,Altree,Mojo,Female,Automotive
119,Shermie,Tolman,Heerlen,Male,Shoes
120,Jaquith,Winthrop,Müllendorf,Female,Computers
121,Brenna,Player,Pinheiro,Female,Beauty
122,Timothy,Baum,Baqiu,Male,Shoes
123,Caitrin,Oakman,Kosong,Female,Music
124,Pennie,Gieraths,Västra Frölunda,Female,Clothing
125,Antonia,Birney,Grujugan,Female,Outdoors
126,Jonathan,Bambra,Khorinsk,Male,Electronics
127,Benjamin,Ledgley,Jingxin,Male,Computers
128,Marni,Barrowcliffe,Hotonj,Female,Music
129,Minnaminnie,Yeeles,Huaribamba,Female,Health
130,Lia,Obington,Dukhovshchina,Female,Toys
131,Dasi,Hanigan,Qalyūb,Female,Clothing
132,Mozes,Garnar,Chyňava,Male,Jewelry
133,Catha,Hauch,Orël,Female,Sports
134,Rogerio,Lidster,Sīrīs,Male,Industrial
135,Livvyy,Loweth,Nagaracinta,Female,Music
136,Jourdan,Borland,Içara,Female,Grocery
137,Jonah,Tolerton,Xiaohe,Male,Garden
138,Ario,Heber,Simenqian,Male,Baby
139,Akim,Saunter,Xiaosong,Male,Music
140,Eduino,Franken,Lagarto,Male,Sports
141,Zak,Hamblett,Waepau,Male,Computers
142,Laurens,Bockman,Visby,Male,Health
143,Eliot,Argente,Sadao,Male,Toys
144,Alfreda,Garlinge,Malanville,Female,Books
145,Bili,Simonich,Koson Shahri,Female,Toys
146,Guilbert,Toffetto,Liuzikou,Male,Jewelry
147,Dionysus,McElvine,Fès,Male,Games
148,Ethelbert,Rapin,Além Paraíba,Male,Baby
149,Michaela,Beckingham,Chapayeve,Female,Computers
150,Juditha,Filliskirk,Baiima,Female,Toys
151,Anabelle,Beynon,Zheleznogorsk-Ilimskiy,Female,Home
152,Tadd,Blondelle,Safi,Male,Computers
153,Olvan,Glading,Zapod,Bigender,Music
154,Remy,Jugging,Pavlovskaya,Female,Grocery
155,Rickard,Laycock,Klippan,Male,Shoes
156,Vonni,Willerton,Mineralni Bani,Female,Jewelry
157,Roosevelt,Leber,Lahat,Male,Books
158,Cindy,Estable,Santiago de los Caballeros,Female,Books
159,Harriett,Kiessel,Ul,Female,Electronics
160,Lolly,Klossek,Noisy-le-Grand,Female,Books
161,Niko,Glavis,Concord,Male,Beauty
162,Ross,Lowden,Mencon,Male,Computers
163,Shalne,Weavill,Hirado,Female,Computers
164,Myriam,Jackson,Taibao,Female,Automotive
165,Kennie,Fitzsymons,Hongshan,Male,Toys
166,Averell,Schimon,Takayama,Bigender,Outdoors
167,Wilfred,Tersay,Iiyama,Male,Jewelry
168,Georgi,Uc,Kabuynan,Male,Kids
169,Fabiano,Grimston,Rossosh’,Male,Games
170,Misha,Ethersey,Kadupinang,Female,Kids
171,Cassius,Belcham,Hägersten,Male,Grocery
172,Rachele,Marriott,Czyżowice,Female,Home
173,Shana,McTeague,Majiadu,Female,Beauty
174,Calley,Knibb,Czarnocin,Non-binary,Tools
175,Beaufort,Male,Arbois,Male,Tools
176,Federica,Vlasin,Suohe,Female,Shoes
177,Amber,Goodliffe,Selce,Female,Toys
178,Egor,Rudloff,Puhechang,Non-binary,Jewelry
179,Brook,Murty,Al ‘Ayzarīyah,Male,Music
180,Hyacinthia,Blatcher,Yinghai,Female,Automotive
181,Libbey,Hebblewaite,Örebro,Female,Electronics
182,Pete,Pearmain,Gbawe,Male,Clothing
183,Vyky,Chadwyck,Sukaharja,Female,Tools
184,Alyce,Patel,Gugark’,Female,Automotive
185,Dyanna,Gudeman,Amieiro,Female,Automotive
186,Greg,Dungate,Taouloukoult,Male,Industrial
187,Papageno,Jerschke,Ciudad Bolívar,Male,Beauty
188,Craig,Milthorpe,Auas,Genderqueer,Shoes
189,Flo,Fynn,Vitim,Female,Games
190,Morry,Febry,Balboa,Male,Garden
191,Gav,Ducaen,Mohale’s Hoek,Male,Toys
192,Winnie,Blackly,São Torcato,Female,Jewelry
193,Raquela,Clarage,Tokushima-shi,Female,Music
194,Lamont,Loncaster,Wuqiao,Male,Tools
195,Janeta,Shotter,Pernå,Female,Sports
196,Estrellita,Shovell,Newala Kisimani,Female,Games
197,Joey,Sheppard,Oromocto,Male,Movies
198,Fayre,MacSwayde,Polo,Female,Games
199,Kent,Seymark,Kill,Male,Clothing
200,Korney,Flagg,Jiayuguan,Female,Outdoors
201,Jocelyn,Paslow,Adelaide Mail Centre,Female,Automotive
202,Maximilien,Nucci,Yuzhai,Male,Kids
203,Hussein,Jerrim,Saltsjöbaden,Male,Industrial
204,Emmett,Potapczuk,Lamadelaine,Male,Books
205,Wendell,Judkins,Koungheul,Male,Toys
206,Filberto,Clemence,Tutul,Male,Electronics
207,Salvatore,Martinyuk,Kukulu,Genderqueer,Sports
208,Arlana,Mockes,Mongar,Female,Toys
209,Annecorinne,Jeacop,Sena,Female,Beauty
210,Elisha,Neising,Bukonyo,Female,Automotive
211,Ellsworth,Pocknell,Manggu,Male,Music
212,Scarlett,Drinkel,Shikhany,Female,Tools
213,Ruggiero,Pray,Linghu,Male,Music
214,Willem,Lainge,Marogong,Male,Garden
215,Rey,Mowne,Lumphăt,Female,Kids
216,Emmaline,Sanz,Fengcheng,Female,Electronics
217,Arte,Speedin,Kai,Male,Books
218,Caritta,Budibent,Gabao,Agender,Toys
219,Hobard,Tuffield,Kalashnikovo,Male,Electronics
220,Andriette,O'Siaghail,Al Qanāwiş,Female,Shoes
221,Liva,Shambroke,Jinqiao,Female,Outdoors
222,Tedi,Sandry,Temeke,Female,Garden
223,Buiron,Harriott,Tempe,Bigender,Home
224,Garreth,Allred,Toride,Male,Games
225,Ferdinanda,L'Episcopio,Shijie,Female,Jewelry
226,Kandy,Bolf,Klaeng,Female,Automotive
227,Clare,Priver,Smyga,Male,Books
228,Nita,Hemphall,El Paso,Female,Grocery
229,Seline,Coakley,Jepat Kidul,Female,Movies
230,Jo ann,Nail,Xiamazhuang,Female,Baby
231,Amalita,Croft,Nguigmi,Female,Movies
232,Sande,Heball,Irkutsk,Female,Beauty
233,Eugene,MacMaykin,Zvenigorod,Male,Home
234,Guntar,Proctor,Conroe,Male,Books
235,Phillis,Bonome,Zengfu,Female,Grocery
236,Ailyn,Clemencet,Bašaid,Female,Toys
237,Claude,Lukasik,Annino,Female,Clothing
238,Hernando,Stoven,Ferme-Neuve,Male,Health
239,Des,Hartman,Linton,Male,Jewelry
240,Kellia,Somerfield,Xianghu,Genderqueer,Books
241,Briana,Kitchingham,Haokou,Female,Shoes
242,Lyle,Norquoy,Colatina,Male,Outdoors
243,Tedie,Brinkworth,Bamban,Male,Music
244,Delano,Haliday,Pilang,Male,Outdoors
245,Reid,Rosnau,Fuli,Male,Sports
246,Cody,Poulett,Kingston,Male,Outdoors
247,Steffi,Aikenhead,Strohonivka,Female,Beauty
248,Chrissie,Crumly,Tunbao,Female,Kids
249,Beverie,Orwell,Konstantinovskoye,Female,Garden
250,Melisent,Brigstock,Bajing,Female,Kids
251,Brooks,Jubb,Gocoton,Female,Health
252,Eolanda,Ditchburn,Nanyang,Genderfluid,Outdoors
253,Felicia,Clemanceau,Ekerö,Female,Beauty
254,Annabela,Salkeld,Vila Verde,Female,Movies
255,Gnni,Lacknor,Alavus,Female,Toys
256,Rosabella,de Leon,Ntoke,Female,Kids
257,Amby,Siveyer,Pizhanka,Male,Outdoors
258,Melvyn,Worton,Cortinhas,Male,Baby
259,Emmalynn,Oxe,Raksajaya,Female,Games
260,Orly,Hyndman,Grand Junction,Female,Industrial
261,Reinaldos,Eastcott,Lizhai,Male,Beauty
262,Abraham,Cattrall,Waterbury,Male,Books
263,Tiffani,Boseley,Timmins,Female,Tools
264,Fair,Bramo,Yanglong,Male,Outdoors
265,Rennie,Grimes,Xishui,Polygender,Sports
266,Edgard,Larvent,Tuopu Luke,Male,Books
267,Zondra,Townshend,Alegrete,Female,Sports
268,Derek,Skain,Tilamuta,Male,Computers
269,Mattheus,Handslip,Fratar,Male,Automotive
270,Culver,Kinnen,Libas,Male,Grocery
271,Clemence,Perceval,Campo Alegre,Non-binary,Grocery
272,Timotheus,Lewisham,Chyżne,Male,Home
273,Devland,Ropkins,Lutun,Male,Kids
274,Janka,Ferens,Morani,Female,Clothing
275,Kira,Irons,Dunaújváros,Female,Jewelry
276,Jania,Umpleby,El Ksour,Female,Beauty
277,Haroun,McOwan,Tío Pujio,Male,Books
278,Albrecht,Deluze,Berthierville,Male,Outdoors
279,Silva,Hardy,Årjäng,Female,Home
280,Hurley,Snoxall,Castro Barros,Male,Electronics
281,Ross,Gasnoll,Battung,Male,Outdoors
282,Ivory,Dudbridge,Åtvidaberg,Female,Computers
283,Cameron,Blaszkiewicz,Maputi,Male,Jewelry
284,Caresse,Joncic,Sabon Gari-Nangere,Agender,Garden
285,Marielle,Wibberley,Dafeng,Female,Shoes
286,Ellsworth,Duerden,Noyakert,Male,Beauty
287,Harlin,Chiplin,Yafran,Male,Electronics
288,Bobbee,Huge,Jongīyeh,Female,Outdoors
289,Baldwin,Gooderick,La Rochelle,Male,Computers
290,Yehudi,Kemme,Matou,Male,Kids
291,Hartwell,Monger,Markivka,Male,Automotive
292,Elvis,Mozzetti,Kradinan,Male,Kids
293,Reider,Shawl,Qimeng,Male,Baby
294,Aldwin,Bettesworth,Bagadó,Male,Tools
295,Sunny,Ternott,Vale de Santarém,Female,Tools
296,Stanly,Risdall,Cikeusal,Male,Movies
297,Gweneth,Floyed,Novopokrovskaya,Genderqueer,Home
298,Wynn,Formigli,Manaus,Female,Movies
299,Zak,Porter,Courtaboeuf,Male,Industrial
300,Cindi,Clearie,Quşrah,Female,Kids
301,Stefano,Dyer,Javorník,Male,Toys
302,Horten,Cordelle,Pingwang,Male,Baby
303,Edna,Gremain,Yoshkar-Ola,Polygender,Automotive
304,Elroy,Kendrick,Venda Nova,Male,Computers
305,Abeu,Hawkings,Bokor,Male,Garden
306,Osbert,Veevers,Cikaludan,Male,Baby
307,Coral,Housego,Shajing,Female,Tools
308,Mord,Schulke,Longquan,Male,Computers
309,Josie,Putton,Alta Gracia,Female,Jewelry
310,Chandler,Speke,Oslo,Male,Music
311,Maryjane,Symcox,Skoroszyce,Female,Grocery
312,Halie,Twist,København,Female,Shoes
313,Lorilyn,Wanstall,La Floresta,Female,Toys
314,Trisha,Reen,Dahe,Female,Grocery
315,Rodolfo,Roan,Honoria,Genderqueer,Games
316,Rolando,Cultcheth,Oeri’u,Male,Kids
317,Sadie,Aplin,Góra,Female,Home
318,Alistair,Picopp,Paicol,Male,Electronics
319,Shawna,Tickner,Petiga,Female,Shoes
320,Jenilee,Enrico,Chervonopartyzans’k,Female,Kids
321,Fiann,Colgrave,Ipoh,Female,Garden
322,Carita,Strettell,Khon Buri,Female,Clothing
323,Phillida,Francklyn,Heshang,Female,Beauty
324,Wes,Grief,Ágios Athanásios,Male,Beauty
325,Orsa,Gladdish,Sagay,Female,Home
326,Antonietta,Heinssen,Boleiros,Female,Garden
327,Evania,Belch,Saransk,Female,Computers
328,Olly,Higgonet,Hendaye,Male,Home
329,Lauree,Lampe,Xichuan,Genderqueer,Electronics
330,Rudolph,Smyley,Nawal,Male,Books
331,Angelle,Hoff,Julita,Female,Outdoors
332,Ilsa,McMurrugh,Longtan,Female,Garden
333,Wilona,Lody,Hutou,Female,Industrial
334,Xenos,McLinden,Doibang,Male,Home
335,Poppy,Gaw,Nanae,Female,Baby
336,Pam,Grogan,Nueva Cajamarca,Female,Outdoors
337,Jamil,Halms,Singgugu,Male,Sports
338,Alexis,Luciano,Distracción,Female,Toys
339,Ivar,Lent,Kłomnice,Male,Grocery
340,Trixi,Schoular,Shalkar,Female,Automotive
341,Kissiah,Linger,Khānaqāh,Female,Industrial
342,Burch,Dolbey,Krajanpagowan,Male,Kids
343,Jase,Shearsby,Vilarinho da Castanheira,Male,Tools
344,Leta,Wynne,Budva,Female,Music
345,Guenna,Sadat,Pellegrini,Female,Electronics
346,Corissa,Scoullar,Cineumbeuy,Female,Electronics
347,Claire,Jean,Yang Chum Noi,Male,Garden
348,Alfonso,Laskey,Knin,Male,Home
349,Minny,Peele,Lijiang,Female,Home
350,Pyotr,Pocklington,Sandao,Male,Home
351,Sabrina,Mallindine,Proletarsk,Female,Grocery
352,Halli,Lundbech,Gadang,Female,Health
353,Corbett,Blainey,Yuxarı Aran,Male,Sports
354,Vito,Heugle,Huanggexi,Male,Industrial
355,Priscilla,Snoddin,Okhtyrka,Female,Jewelry
356,Mohandis,Calterone,Sorang,Male,Beauty
357,Jo-anne,Gantz,Padasuka,Female,Shoes
358,Minnaminnie,Totton,Jīsh,Female,Grocery
359,Paige,Beange,Bucu Kidul,Male,Grocery
360,Emanuel,Raftery,Cigadog Hilir,Male,Industrial
361,Nelle,Leguay,Posse,Female,Outdoors
362,Briant,Eick,Baganhilir,Male,Outdoors
363,Gabriel,Seefus,Strelitsa,Male,Shoes
364,Ingeberg,Pershouse,Balite,Female,Electronics
365,Myrtle,Fairpool,Buliu,Female,Beauty
366,Briana,Fennessy,Khakhea,Female,Clothing
367,Latisha,Pascall,Balboa,Genderfluid,Automotive
368,Duke,Rochell,Zhong’an,Male,Games
369,Florrie,Dall,Majiang,Female,Electronics
370,Bessie,Errichelli,Dambořice,Female,Tools
371,Alano,Murley,Iberia,Male,Clothing
372,Fina,McTaggart,Valença do Douro,Female,Automotive
373,Ted,Morales,Atafu Village,Female,Baby
374,Jenda,Mustard,Luoping,Female,Outdoors
375,Karlene,Ivanenko,Mondim de Basto,Female,Computers
376,Farlee,Summerscales,Qeshm,Male,Industrial
377,Galvin,Penquet,Khāsh,Male,Toys
378,Robby,Knightly,Yongledian,Polygender,Jewelry
379,Raye,Antley,Asmara,Female,Outdoors
380,Hayden,Renac,Amagarapati,Genderfluid,Outdoors
381,Porter,Durie,Alegrete,Male,Grocery
382,Anallise,Fodden,Tayu,Female,Automotive
383,Kaleena,O'Brollachain,Bintulu,Female,Baby
384,Stacee,Bartlomiej,Vlissingen,Male,Clothing
385,Ross,Frisel,Gorzyce,Male,Garden
386,Johnath,Pulford,Sovetskiy,Female,Toys
387,Farah,Mulvin,Masu,Female,Sports
388,Vittoria,Gillyett,Beishan,Female,Automotive
389,Iain,Poe,Novi Itebej,Male,Music
390,Maurise,Burg,Cergy-Pontoise,Male,Outdoors
391,Wald,McWaters,Surup,Male,Shoes
392,Rudd,Steuart,Tong’an,Male,Music
393,Kaylee,Theriot,Ryazanskaya,Polygender,Shoes
394,Mattie,Siss,Uga,Female,Sports
395,Rebecca,Lecky,Puerto Deseado,Female,Jewelry
396,Peria,Gavozzi,Podgornaya,Female,Games
397,Sissy,Strowther,Tamiso,Female,Industrial
398,Janos,Tomblett,Siliana,Male,Tools
399,Miner,Huc,Pantaihambawang,Male,Electronics
400,Rosamund,Bricklebank,Akouda,Female,Movies
401,Kipper,McLuckie,Cibeureum,Male,Games
402,Kane,Brightie,Dranoc,Male,Health
403,Bessie,Reignould,Centenary,Female,Games
404,Washington,Dowse,Moravský Beroun,Male,Shoes
405,Constancy,Ince,Xinjia,Female,Industrial
406,Lew,Bourdel,São João del Rei,Male,Books
407,Worthy,Duquesnay,Villa Paula de Sarmiento,Male,Home
408,Lisette,Matysik,Itabuna,Female,Outdoors
409,Davin,Mathivon,Nackawic,Male,Industrial
410,Westbrooke,Fawdery,Merefa,Male,Outdoors
411,Krissy,MacCook,San Justo,Female,Computers
412,Ody,Bengtson,Amargosa,Male,Shoes
413,Skipper,Kunes,Pamotan,Male,Shoes
414,Thomasa,Coughan,Lakeland,Female,Grocery
415,Rock,Lyon,Couto,Male,Beauty
416,Kayley,Trase,Náklo,Female,Grocery
417,Ilyssa,Bright,Sidikalang,Female,Sports
418,Ulla,Falco,Jalapa,Female,Outdoors
419,Mahalia,Gilhoolie,Beaumont,Female,Grocery
420,Gena,MacTeague,Mogadishu,Female,Garden
421,Adam,Woolager,Kasimov,Male,Beauty
422,Huntley,Veillard,Puente Alto,Male,Baby
423,Tabitha,Furlow,Tongxing,Female,Tools
424,Yvonne,Crighten,Al Qubbah,Female,Shoes
425,Cristie,Seago,Khawrah,Female,Games
426,Blane,Goodinge,Sumqayıt,Male,Sports
427,Virgie,Dawbury,Longquan,Male,Baby
428,Virginie,Novelli,Dalovice,Female,Beauty
429,Natividad,Guswell,Inowrocław,Female,Sports
430,Tabby,Balderstone,Capacmarca,Female,Computers
431,Sarah,Bound,Petrovskiy,Female,Beauty
432,Gray,Michurin,Kesheng,Female,Tools
433,Noreen,Revell,Lysice,Non-binary,Toys
434,Lorin,Turban,Donghoufang,Male,Industrial
435,Bearnard,Chiplen,Bimbo,Agender,Movies
436,Bev,Parks,Songhae,Female,Jewelry
437,Glyn,Dobby,Koblain,Male,Games
438,Euell,Madle,Vidzy,Male,Beauty
439,Taffy,Jutson,Nueva Germania,Female,Home
440,Erny,Turpie,Margahayu,Male,Games
441,Karly,Zaniolini,Indaial,Female,Tools
442,Valentia,Hefner,Wuxi,Female,Outdoors
443,Joscelin,Foreman,Santa María Chiquimula,Female,Industrial
444,Phedra,Redding,Poręba Spytkowska,Female,Sports
445,Gaultiero,Lillistone,Cangshi,Male,Beauty
446,Neron,Hearsum,Kępno,Male,Games
447,Benoite,Dalmon,Batukuta,Non-binary,Grocery
448,Symon,Lerven,Parnamirim,Male,Clothing
449,Stanly,Muir,Tuban,Polygender,Grocery
450,Papagena,MacGettigen,Lokavec,Non-binary,Books
451,Brandice,Metzel,Colonia Catuete,Female,Baby
452,Kyle,Stener,Pyskowice,Male,Grocery
453,Frederik,Prantl,Huping,Male,Clothing
454,Riordan,Bedborough,Grimshaw,Male,Baby
455,Essie,Misk,Kan’onjichō,Female,Home
456,Hollie,Porritt,München,Non-binary,Industrial
457,Janina,Billison,Komga,Polygender,Outdoors
458,Paton,Solloway,Verkhnye Syn’ovydne,Male,Home
459,Normand,Collingwood,Pueblo Nuevo,Male,Automotive
460,Waylan,Haxell,Kuniran,Male,Automotive
461,Doyle,Cadwaladr,Shuangxi,Male,Health
462,Gayleen,Rummins,São Gonçalo do Sapucaí,Female,Shoes
463,Debi,Danigel,Małdyty,Female,Tools
464,Wendie,Vile,Eirado,Female,Books
465,Freddi,Kippling,Novosil’,Female,Games
466,Donal,Scardifeild,Pavlovsk,Male,Electronics
467,Arleyne,Darkott,Sumberpinang Satu,Female,Grocery
468,Boyce,McGragh,Erlangkou,Male,Sports
469,Ximenes,Edscer,Montpellier,Male,Kids
470,Rhett,Laurentin,Jelbuk,Male,Automotive
471,Alick,Henrych,Xilópolis,Agender,Garden
472,Klemens,Brinkman,Ōbu,Non-binary,Tools
473,Valry,Vida,Klerksdorp,Female,Home
474,Chen,Martynka,Arnhem,Genderqueer,Health
475,Claire,Tudgay,Zhongzi,Male,Music
476,Bil,Hendrikse,Eucaliptus,Male,Health
477,Fergus,Lineen,Wojsławice,Male,Jewelry
478,Rosy,Candlin,Aţ Ţīrah,Female,Home
479,Arte,Bickerstaffe,Azogues,Male,Movies
480,Zondra,Scholler,Gävle,Female,Health
481,Merissa,Wavish,Zhonggang,Female,Clothing
482,Whitney,Mullally,Hejia,Male,Grocery
483,Gannie,Shapcote,Leiden,Male,Industrial
484,Matty,Rushsorth,Quốc Oai,Male,Baby
485,Fairlie,Pettyfer,Ban Muang,Male,Movies
486,Hayes,Coppins,Contraalmirante Cordero,Male,Outdoors
487,Beverlie,Barwack,Varpaisjärvi,Female,Jewelry
488,Tedman,Mahmood,Nyköping,Male,Industrial
489,Raymund,Cabell,Dahe,Male,Grocery
490,Izabel,Hickin,Namerikawa,Female,Music
491,Augy,Olligan,Mangero,Male,Kids
492,Alejandrina,Counsell,Piduhe,Female,Grocery
493,Blake,Bayston,Qingchuan,Male,Kids
494,Jodee,Shutte,Daxinshao,Female,Electronics
495,Cherry,Saggs,Butajīra,Female,Baby
496,Merrick,Kayser,Malhiao,Male,Health
497,Caron,Wavish,Lodan Wetan,Female,Music
498,Alleen,Lintin,Popayán,Female,Home
499,Phaidra,Laurence,Kabuynan,Female,Outdoors
500,Isaiah,Basley,Cikotok,Male,Home
501,Simona,Cartlidge,Karolino-Buhaz,Female,Beauty
502,Rochette,Stichall,San-Pédro,Agender,Shoes
503,Calhoun,Harfleet,María la Baja,Male,Baby
504,Felecia,Dudmarsh,Cilongkrang,Female,Beauty
505,Alissa,Keep,Norrköping,Female,Jewelry
506,Ryun,Barniss,Catriel,Male,Clothing
507,Van,Sink,Sonquil,Female,Electronics
508,Clayborn,Gillingwater,Jawornik Polski,Male,Tools
509,Angelico,Baudino,Sendang,Male,Garden
510,Windham,Midlane,Kokkini Trimithia,Male,Games
511,Alena,Titman,Rydułtowy,Female,Clothing
512,Devonna,Stockton,Ol’gino,Female,Sports
513,Netty,Geaves,Tanamiting,Female,Health
514,Rollin,Jennrich,Towa,Genderfluid,Music
515,Brett,Hazeup,Mukhen,Male,Grocery
516,Cornall,Barnwill,Repnoye,Male,Jewelry
517,Vaughn,Botler,Čelopek,Male,Grocery
518,Gretta,Limmer,Shanxia,Female,Industrial
519,Blinny,Thackray,Alcoy,Female,Garden
520,Zenia,Brittian,Enskede,Female,Baby
521,George,Roma,Beit Horon,Female,Toys
522,Emmie,Folke,Paritaman,Female,Industrial
523,Bastian,Barnham,Jikamshi,Male,Toys
524,Klemens,Bolley,Boca Suno,Male,Movies
525,Nobe,Cunniam,Bergen,Agender,Games
526,Pauli,Newbatt,Gore,Female,Beauty
527,Editha,Pollicatt,Ust’-Ulagan,Female,Kids
528,Malory,Levicount,Bouillon,Female,Health
529,Cesaro,Deeks,Pacaraos,Male,Health
530,Ravi,Gouldeby,Pukekohe East,Male,Electronics
531,Shaughn,Hagart,Campos Sales,Male,Health
532,Lucille,Tarplee,Pangai,Female,Shoes
533,Austine,Bucknell,Novoderevyankovskaya,Female,Sports
534,Padgett,Merwe,Moshenskoye,Male,Beauty
535,Alaine,Murt,Jingtailu,Female,Kids
536,Javier,Nobles,Mayskiy,Genderqueer,Toys
537,Cooper,Vasiliev,Cuba,Male,Beauty
538,Keely,Guisby,Atyrá,Female,Music
539,Kristel,Costi,Chornorudka,Polygender,Grocery
540,Hugibert,Pantecost,Cibalung,Male,Tools
541,Ervin,Askell,Las Flores,Male,Shoes
542,Ave,Coombe,Truskolasy,Male,Computers
543,Brena,Berrill,Uglegorsk,Female,Sports
544,Griffie,Kilner,Chorkówka,Male,Tools
545,Riordan,Goodison,Rasshevatskaya,Non-binary,Health
546,Netta,Rotter,Smach Mean Chey,Female,Sports
547,Waring,Endle,Camatagua,Male,Games
548,Loria,Kittiman,Ar Ruḩaybah,Female,Clothing
549,Aubrey,Bigley,Pacho,Male,Beauty
550,Maxim,Lidgerton,Mosfilotí,Male,Music
551,Norry,Rosnau,Danderyd,Bigender,Baby
552,Letitia,Borrott,San Antonio,Polygender,Books
553,Jacquenette,Chisnell,Toulon,Female,Baby
554,Herminia,Ingilson,Limbe,Female,Computers
555,Juan,Hembling,Ust’-Kachka,Male,Shoes
556,Land,Treeby,Moju,Male,Sports
557,Barris,Thorburn,Bolikhan,Male,Garden
558,Lionel,Butter,Knysna,Male,Home
559,Fulton,Stronach,Mozhga,Male,Computers
560,Ansell,Pratt,Mabini,Genderqueer,Home
561,Justino,Atkyns,Podgorenskiy,Male,Clothing
562,Merla,Sonier,Xinshi,Female,Books
563,Rebe,Blatcher,Combapata,Female,Electronics
564,Yale,Clayworth,El Carmen,Male,Electronics
565,Caril,Carff,Alīgūdarz,Bigender,Sports
566,Alena,Divall,Singkir,Agender,Tools
567,Mattheus,Santos,Kołaczyce,Male,Baby
568,Brandyn,Tissell,Tuanai,Male,Baby
569,Minnaminnie,Eadington,Chixi,Female,Movies
570,Tadio,Peinton,El Monte,Male,Automotive
571,Penelopa,Tatchell,Crumlin,Female,Tools
572,Marney,Broadey,Hadyach,Female,Music
573,Graehme,Bortolozzi,Toledo,Male,Outdoors
574,Barnett,Trass,Pulosari,Male,Electronics
575,Minda,Radolf,Venta,Female,Clothing
576,Kitty,Rosevear,Lasusua,Female,Health
577,Agace,Ahmed,San Jacinto,Female,Sports
578,Cordie,Blannin,Skalbmierz,Female,Clothing
579,Elmer,Shuttell,Sanlian,Genderfluid,Industrial
580,Jakie,Lumm,Johogunung,Male,Health
581,Conny,Goodsell,Göteborg,Male,Clothing
582,Zebulon,Cansdall,Ciketak,Male,Grocery
583,Nealon,Coffey,Salinas,Male,Jewelry
584,Blayne,Broxholme,Margabakti,Male,Shoes
585,Haven,Smissen,Pohrebyshche,Male,Beauty
586,Fleur,Sallarie,Maimará,Female,Automotive
587,Ranee,Brambill,Jiangfang,Female,Industrial
588,Rafaelia,Kehir,Khanāşir,Female,Toys
589,Garwin,Sposito,Fengle,Male,Beauty
590,Gwen,Littefair,Yuekou,Female,Toys
591,Micheil,Hinze,Banjar Bali,Male,Games
592,Wheeler,Causby,Dal’nerechensk,Male,Electronics
593,Ryon,Spellessy,Debesy,Male,Industrial
594,Hallie,Capper,Nikopol’,Polygender,Toys
595,Zebulen,Ruddell,Ognevka,Male,Music
596,Meredeth,Line,Limbaan,Genderqueer,Outdoors
597,Wylma,Czajka,Turnišče,Female,Baby
598,Jerry,O'Scanlan,San Joaquin,Male,Health
599,Vachel,Manuel,Kuantan,Male,Baby
600,Nick,Eton,Argithéa,Male,Health
601,Nat,Jacquest,Qiantang,Female,Electronics
602,Ximenes,Hustings,Kaiyun,Male,Automotive
603,Glyn,Pygott,Leuburi,Female,Home
604,Joela,Dunsmuir,Las Vegas,Genderqueer,Garden
605,Rhianon,Pamphilon,Ledeč nad Sázavou,Female,Movies
606,Rocky,Bussen,General Arenales,Male,Movies
607,Andrus,Boothe,Maroa,Polygender,Industrial
608,Tori,Monteith,Fujioka,Female,Sports
609,Spike,Ruos,Miandrivazo,Male,Automotive
610,Rudolf,Rippen,Núi Đối,Male,Books
611,Steffane,Livingstone,Clondalkin,Female,Outdoors
612,Egor,Bidwell,Gaplokan,Male,Electronics
613,Saree,Bichener,Waiwejak,Female,Beauty
614,Christie,Bainbrigge,Jiamiao,Male,Home
615,Cedric,Ettles,Shiyan,Male,Health
616,Sig,Tesdale,Gunungsubang,Male,Clothing
617,Del,Richt,Montluel,Male,Baby
618,Jennette,Petranek,Liuzhi,Female,Jewelry
619,Virge,Osbaldstone,Xiangxiang,Male,Clothing
620,Ase,Pepon,Salsipuedes,Male,Automotive
621,Trey,Marvelley,Curug,Male,Home
622,Maje,Gair,Cihe,Male,Books
623,Putnem,Keming,Santa Maria,Male,Baby
624,Shae,Billany,Huqiu,Female,Jewelry
625,Kristy,Litzmann,Chicacao,Female,Garden
626,Sheba,Gowar,Teixoso,Female,Kids
627,Kala,Mingauld,Lipci,Female,Electronics
628,Tomasina,Piggen,Mutang,Female,Music
629,Newton,Grube,Svenljunga,Male,Outdoors
630,Cherish,Josephy,Causwagan,Female,Outdoors
631,Adams,Barke,Huayuan,Male,Books
632,Mufi,Durtnall,Tangier,Female,Toys
633,Damaris,Treadgall,Al Quşayr,Female,Computers
634,Alfi,Yakunchikov,Wirral,Female,Computers
635,Filberte,Baxandall,Tiznit,Male,Sports
636,Janos,Strathman,Chişinău,Male,Electronics
637,Moyna,Tomblin,Kisarazu,Female,Health
638,Cordie,Godfree,Staraya Mayna,Female,Health
639,Harlin,Biddy,Tiebiancheng,Male,Garden
640,Tedda,Grosier,Narok,Female,Kids
641,Julee,Sibthorpe,Medveđa,Female,Shoes
642,Solomon,Rebeiro,Kyriáki,Male,Outdoors
643,Remy,Myrtle,San Rafael,Female,Grocery
644,Glori,Pettiward,Täby,Female,Jewelry
645,Shalom,Charpin,Leuwihalang,Bigender,Clothing
646,Jordanna,McGrorty,Ngembel,Female,Games
647,Celestia,Wainer,Tucano,Female,Movies
648,Celinda,Janicijevic,An Lão,Female,Jewelry
649,Sigismund,Moline,Giesteira,Male,Sports
650,Augie,Stormes,Timrå,Male,Home
651,Shayna,Baselio,Bobowa,Female,Electronics
652,Caitrin,Veysey,Skwierzyna,Female,Books
653,Aleda,MacDermott,Dalo,Female,Outdoors
654,Truda,Wellbank,Dalkey,Female,Beauty
655,Roxi,Dumphries,Açucena,Female,Outdoors
656,Amerigo,Peeter,Lyntupy,Male,Industrial
657,Sylas,Osichev,Karlskrona,Male,Toys
658,Northrup,Tapenden,Chahe,Genderfluid,Home
659,Ive,Hayen,Salavat,Bigender,Computers
660,Fonz,Fanning,Voloka,Male,Industrial
661,Lavinie,Colnett,Jemielno,Genderfluid,Tools
662,Terrie,Dimbylow,Santa Clara,Polygender,Movies
663,Donny,Verissimo,Chowṉêy,Bigender,Garden
664,Ware,Jedraszczyk,Néma,Male,Computers
665,Rudie,Breadmore,Dostoyevka,Male,Beauty
666,Kellyann,Test,Zolochiv,Female,Electronics
667,Othilie,Wyleman,Dazaifu,Female,Tools
668,Ozzy,Cullabine,Lazaro Cardenas,Male,Baby
669,Lanie,Newing,Fort-de-France,Female,Beauty
670,Marcelle,Henrot,Boulaouane,Female,Music
671,Jerrine,Ashtonhurst,Banjarsari,Female,Computers
672,Morissa,Parsonage,Itambé,Female,Clothing
673,Doll,Bougen,Sukawening,Female,Computers
674,Phineas,Scole,Benhong,Genderfluid,Automotive
675,Roger,Dalrymple,Ngarus,Male,Books
676,Germain,Beilby,Shāhīn Dezh,Male,Beauty
677,Mordecai,Insley,Miānwāli,Male,Shoes
678,Jeanna,Bedminster,Bacacay,Non-binary,Music
679,Pancho,Exer,Karsin,Male,Toys
680,Krissie,Minchinton,Pataypampa,Female,Toys
681,Cahra,Gaskill,Jepat Kidul,Female,Baby
682,Cosme,Woltering,San Javier,Male,Electronics
683,Isaak,Jenton,Goúrnes,Genderfluid,Garden
684,Earvin,Paramor,Warsaw,Male,Industrial
685,Hallsy,Edmand,Magumeri,Male,Shoes
686,Neala,Klink,Ratchathewi,Female,Toys
687,Lauryn,Artis,Stockholm,Female,Toys
688,Austine,Maclaine,Drajak,Female,Clothing
689,Germana,Points,Tajao,Female,Home
690,Francisco,Kibbel,Beigou,Male,Automotive
691,Steward,Verty,Eyvān,Male,Movies
692,Phineas,Pawfoot,Nogoonnuur,Male,Grocery
693,Lia,Brayford,Xiaohebian,Female,Garden
694,Austina,Hegges,Jiangzhou,Female,Industrial
695,Britt,Alcock,Kantyshevo,Female,Tools
696,Crawford,Westwell,Oro Timur,Male,Games
697,Reynold,Vella,Guodu,Male,Home
698,Karlotte,Segrott,Pomabamba,Female,Jewelry
699,Ibrahim,Doby,Schiedam postbusnummers,Male,Games
700,Norris,Bartolomivis,Gandusari,Male,Beauty
701,Aretha,Francklyn,Lublin,Female,Toys
702,Danya,Craighead,Cerme Kidul,Male,Home
703,Scotty,Coldicott,Oskarshamn,Male,Outdoors
704,Lauren,Calleja,Jinan-gun,Male,Electronics
705,Jere,Robison,Volochys’k,Male,Music
706,Bibi,Bonnick,Notranje Gorice,Female,Beauty
707,Liza,Vereker,Oliveira,Female,Toys
708,Shurwood,Glassford,Xianyan,Male,Grocery
709,Sella,Bosman,Joubb Jannîne,Female,Health
710,Michell,McKinley,Yingjiang,Female,Clothing
711,Kleon,Murrow,Pontevedra,Male,Toys
712,Nerti,Maginot,Luanshya,Female,Shoes
713,Billie,Furzer,Riebiņi,Male,Garden
714,Patrick,Hearnah,Rognedino,Male,Games
715,Evvy,Balm,Bantardawa,Female,Automotive
716,Corny,McKaile,Hangou,Male,Beauty
717,Richard,Gooda,Lady Frere,Male,Kids
718,Phineas,Willis,Xiyuan,Male,Movies
719,Cindi,Dossettor,Shuanghe,Genderqueer,Industrial
720,Kipper,Wyness,Dzagam,Male,Outdoors
721,Barthel,Ivanovic,Laranjal Paulista,Male,Music
722,Margaux,Tansly,Huangcun,Female,Sports
723,Normy,MacArthur,Gradačac,Polygender,Home
724,Cleveland,Munford,Fangcun,Male,Games
725,Fidela,Rate,Lýkeio,Female,Shoes
726,Clarance,Stitson,Marinići,Male,Automotive
727,Leonid,Corris,Shanglaxiu,Male,Garden
728,Sam,Champ,Parumasan,Bigender,Clothing
729,Ashton,Messruther,Boromlya,Male,Tools
730,Teddy,Drews,Edissiya,Female,Clothing
731,Berry,Laden,Reconquista,Polygender,Clothing
732,Stefano,Beal,Pirapozinho,Male,Grocery
733,Erina,Ivanyutin,Pākpattan,Female,Shoes
734,Mag,Sargent,Caluire-et-Cuire,Female,Outdoors
735,Russell,Rusling,Velykyy Burluk,Male,Toys
736,Carson,Pachta,Catania,Male,Books
737,Harald,Brobak,Fukiage-fujimi,Male,Beauty
738,Fabian,Kinnon,Loutrós,Male,Music
739,Edythe,Weekes,Santiago,Female,Computers
740,Pernell,Gillhespy,Tari,Male,Books
741,Tabbatha,Este,Paris La Défense,Female,Toys
742,Maridel,Simkiss,Alquerubim,Female,Electronics
743,Evaleen,Hubbart,Wierzbica,Female,Computers
744,Dennis,Riseley,Palma De Mallorca,Male,Baby
745,Trevar,Vayne,Piraí do Sul,Male,Garden
746,Melitta,Aime,Houston,Female,Shoes
747,Dulce,Grigolli,Seremban,Genderqueer,Automotive
748,Enid,Easum,Šentvid pri Stični,Female,Computers
749,Wyndham,Quene,Linxia Chengguanzhen,Male,Kids
750,Hamlen,Lang,Ebu,Male,Tools
751,Dougy,Masding,Bagakay,Male,Electronics
752,Joletta,Peterkin,Talmest,Female,Health
753,Elwood,Kilshaw,El Pardo,Male,Baby
754,Lulita,Slora,Makbon,Female,Baby
755,Renard,Chestnutt,Lawa-an,Male,Industrial
756,Nicolai,Checcuzzi,Wentugaole,Male,Health
757,Darcy,Pidwell,Poshekhon’ye,Male,Shoes
758,Edan,de Marco,Aco,Male,Industrial
759,Lenci,Hedling,Ribeirão Preto,Male,Shoes
760,Aubree,Jobson,Marseille,Female,Kids
761,Grant,Dalgetty,Xiaoruo,Male,Movies
762,Levy,Cabera,Xiema,Male,Industrial
763,Tab,Lodevick,Ambato Boeny,Male,Outdoors
764,Fee,Leney,Episkopí,Male,Health
765,Brandea,Espinazo,Mergayu,Female,Music
766,Palmer,Doog,Pantai,Male,Grocery
767,Dulcia,Lynds,Datarsitu,Female,Outdoors
768,Jennee,Truluck,Basseterre,Female,Computers
769,Denys,Scopham,Itacorubi,Bigender,Beauty
770,Salomo,Donhardt,Kyllíni,Male,Toys
771,Andras,Harfoot,Aikmel,Male,Industrial
772,Bay,Barbosa,Tucheng,Male,Computers
773,Arlen,Opie,Torino,Female,Movies
774,Milka,Insko,Pau,Female,Beauty
775,Magdalena,Shingler,Köping,Female,Electronics
776,Gallard,Fowgies,At-Bashi,Male,Automotive
777,Nolly,Yorston,Karmaskaly,Non-binary,Health
778,Kane,Russe,Río Grande,Male,Grocery
779,Rhody,Prendergrass,Shinshiro,Female,Industrial
780,Angie,Lawlan,Venlo,Female,Movies
781,Alf,Tacey,Soubré,Male,Jewelry
782,Cesare,Yetton,Cruzeiro,Male,Beauty
783,Rea,Fould,Fushë-Bulqizë,Female,Electronics
784,Anabal,Covell,Ganquan,Female,Tools
785,Camala,Baldocci,Leiden,Female,Games
786,Dennet,Slimm,Jindaoxia,Male,Industrial
787,Bernadette,Mably,Zhongcun,Female,Industrial
788,Vaclav,Iacobucci,Kota Kinabalu,Male,Electronics
789,Cicily,Gouley,Vadstena,Female,Grocery
790,Georgy,Morrish,Daming,Male,Industrial
791,Judd,Fairn,Santo Domingo,Male,Health
792,Amata,Shrive,San Carlos de Bolívar,Female,Beauty
793,Issie,Spellacey,Rajadesa,Female,Music
794,Ignacio,Donan,Courtaboeuf,Male,Kids
795,Cooper,Loftus,Warungtanjung,Male,Beauty
796,Malorie,Sauniere,Tagbacan Ibaba,Female,Tools
797,Koral,McLane,Huji,Female,Garden
798,Conrade,Filipovic,Bayt ‘Ūr at Taḩtā,Male,Garden
799,Marinna,Pydcock,Zarzal,Female,Industrial
800,Fanny,McBride,Liushun,Female,Sports
801,Chrisse,Common,Veliko Tŭrnovo,Male,Outdoors
802,Mikael,Fibbit,Xiagang,Male,Kids
803,Ermanno,Bythell,El Paso,Male,Music
804,Basia,Darter,Tashla,Female,Music
805,Siana,Stolze,Ulaan Khat,Polygender,Movies
806,Tabina,Johanssen,Lysice,Female,Home
807,Saree,Ducker,Waepana,Non-binary,Home
808,Florinda,Blaymires,Wanfa,Female,Beauty
809,Ronda,Bachnic,Curiapo,Female,Health
810,Skylar,Quilleash,Cimo de Vila,Male,Sports
811,Goldarina,Keyzman,Rosaspata,Female,Tools
812,Mireielle,Kniveton,Sundsvall,Female,Movies
813,Eleonora,Avrahamof,Brzeźnica,Female,Computers
814,Bevan,Edgson,Kumanovo,Male,Tools
815,Madelin,Shevelin,Kemang,Female,Automotive
816,Laurence,Cesaric,Sop Pong,Male,Tools
817,Chiarra,Wakefield,Shijing,Female,Toys
818,Eyde,Wills,Quatá,Non-binary,Baby
819,Mick,Conisbee,Caaguazú,Male,Clothing
820,Mitchael,Fullerd,Beberon,Male,Industrial
821,Vaclav,Round,Vyksa,Male,Books
822,Aloin,Karslake,Bayeman,Male,Baby
823,Charlie,Braikenridge,Anxi,Male,Beauty
824,Barthel,Mobley,Tupsan,Male,Games
825,Laureen,Kahan,Rönninge,Female,Movies
826,Zea,Lambal,Conceição da Barra,Female,Jewelry
827,Nola,Errichiello,Villa Castelli,Female,Games
828,Felicdad,Calam,Dūrā al Qar‘,Female,Sports
829,Orazio,Marvell,Comandante Luis Piedra Buena,Male,Books
830,Elita,Melloi,Toledo,Female,Garden
831,Tye,Gheorghie,Kameoka,Bigender,Toys
832,Zacherie,Harman,Wangcungang,Male,Kids
833,Base,Darrach,Biscoitos,Agender,Outdoors
834,Marsha,Lonie,Novomoskovsk,Female,Kids
835,Gabie,Kiddie,Madara,Male,Beauty
836,Kylie,Ingledew,Guozhen,Male,Clothing
837,Rouvin,McCallister,Gjegjan,Male,Kids
838,Riki,Parriss,El Cobre,Female,Music
839,Joycelin,Geany,Extrema,Female,Sports
840,Moreen,Braithwait,Jicun,Female,Clothing
841,Nelie,Alforde,Utsunomiya-shi,Polygender,Toys
842,Doug,Yakutin,Curahnongko,Male,Sports
843,Maressa,Freddi,Luorong,Female,Toys
844,Quinlan,Basden,Hāfizābād,Male,Kids
845,Frans,Ughetti,Staryy Sambor,Male,Games
846,Hallsy,Draco,Loma Bonita,Male,Shoes
847,Drew,Heffernan,Letsheng,Male,Jewelry
848,Dimitry,McClune,Havířov,Male,Sports
849,Sven,Greenley,Huwei,Male,Games
850,Anderea,Compford,Kukawa,Female,Health
851,Neille,Dibdin,Bagumbayan,Female,Computers
852,Hali,Dunican,Daruoyan,Female,Baby
853,Buddy,MacArte,Jingling,Male,Toys
854,Kevyn,Dicey,Bondo,Female,Electronics
855,Maribel,Gerald,Shezhu,Agender,Kids
856,Emmanuel,Trevain,Manjing,Male,Outdoors
857,Cacilia,Antonognoli,Monteiro,Female,Kids
858,Jenica,Scottini,Aoji-ri,Female,Outdoors
859,Fanechka,Theseira,Tangtuzhui,Non-binary,Books
860,Davina,Scrammage,Mont-Saint-Hilaire,Female,Health
861,Sarine,Patek,Suna,Female,Home
862,Melesa,Darlison,Mikuni,Female,Garden
863,Nadia,MacGiolla,Molchanovo,Female,Shoes
864,Constantina,Meak,Yangyuan,Female,Books
865,Bob,Daen,Sanjiang,Male,Health
866,Erie,Howsley,Ljungbyholm,Male,Kids
867,Sharron,Corson,Pining,Female,Music
868,Bobbette,Robinet,Saitama,Female,Industrial
869,Ruthanne,Andrzej,Xi’an,Female,Games
870,Wilhelmina,Athowe,Przywidz,Female,Automotive
871,Bradford,Wall,Cajuru,Male,Garden
872,Rustie,Driscoll,Nyandoma,Male,Home
873,Sapphire,Darte,Smārde,Polygender,Baby
874,Misti,Beaten,Arenas,Female,Baby
875,Kata,Bourton,Río Colorado,Female,Toys
876,Dorolice,Brammall,Xuetian,Genderqueer,Clothing
877,Dell,Witard,Lyubim,Male,Tools
878,Sherm,Scougal,Serra de Santa Marinha,Male,Industrial
879,Lars,Barkworth,Zainsk,Male,Books
880,Zach,Toon,Emiliano Zapata,Male,Industrial
881,Junia,Polleye,Herāt,Female,Shoes
882,Em,Sloat,Muskegon,Male,Health
883,Chen,Algy,Sindang,Male,Industrial
884,Kare,Lardner,Sanom,Female,Jewelry
885,Frannie,Hynd,El Guapinol,Female,Industrial
886,Conn,Younghusband,Melaka,Male,Health
887,Benton,Ourtic,Thị Trấn Mường Khương,Male,Electronics
888,Farly,Guiso,Pasar,Male,Music
889,Allys,GiacobbiniJacob,Saint-Raymond,Female,Clothing
890,Andrea,Wolfenden,Qiaotou,Male,Jewelry
891,Gallard,Eriksson,Vällingby,Male,Movies
892,Gifford,Benallack,Caldas das Taipas,Male,Garden
893,Marianna,Rootham,Hampton,Female,Grocery
894,Clementine,Hitzmann,Vorob’yovo,Female,Garden
895,Kalli,Jacobsen,Xiangdong,Polygender,Beauty
896,Fayina,Kynaston,Yaozhuang,Female,Music
897,Kirby,Besnard,Matinha,Genderfluid,Kids
898,Alfonse,Basten,Jinggongqiao,Bigender,Books
899,Auguste,Belshaw,Huaquirca,Female,Books
900,Tillie,Ruben,Ta Khmau,Female,Garden
901,Clarita,Garlicke,Makiwalo,Female,Outdoors
902,Lorens,Campion,Kemang,Male,Electronics
903,Frieda,Kilian,Obesi,Female,Books
904,Jared,Atterley,Barrie,Male,Toys
905,Kata,Geddis,Goundi,Female,Sports
906,Bobbi,Gillespie,Shagang,Female,Health
907,Silvia,Vaines,Frederiksberg,Female,Grocery
908,Daren,Vannah,Gangkou,Male,Tools
909,Shea,Leeke,Wagar,Female,Industrial
910,Abramo,Cropton,Svetlyy,Male,Industrial
911,Earvin,Officer,Xinshi,Male,Automotive
912,Phillipp,Dufour,Caleta Olivia,Male,Tools
913,Loleta,Suddell,Broniszewice,Female,Industrial
914,Sabina,Carse,Paraguaçu,Female,Garden
915,Mohammed,Planke,Lubumbashi,Male,Tools
916,Caroljean,Kubera,Néa Plágia,Female,Automotive
917,Velma,Henrie,Arrap’i,Female,Kids
918,Marcelle,Kemitt,Tianzhuang,Female,Jewelry
919,Ealasaid,Middleweek,Heishui,Female,Grocery
920,Julissa,Foxen,Sevlievo,Female,Toys
921,Esma,Fallon,Lishu,Agender,Electronics
922,Mair,Swigger,Haquira,Female,Jewelry
923,Gleda,Gartsyde,Phoenix,Female,Home
924,Lura,Rantoull,Bromma,Female,Industrial
925,Brigid,O'Loughlin,Narita,Female,Health
926,Ferris,Spinney,Lishu,Male,Books
927,Seth,Greystock,Hovtashen,Male,Shoes
928,Cassandre,Collens,Donskoy,Female,Games
929,Danyelle,Magwood,Kowala,Bigender,Computers
930,Natala,McAllaster,Suva Reka,Female,Games
931,Leroy,Worg,Lais,Male,Electronics
932,Vania,Eppson,Fray Luis A. Beltrán,Female,Jewelry
933,Jolynn,Gilfoyle,Kalapadua,Female,Electronics
934,Lambert,Sarginson,Krajan Karangsari,Male,Grocery
935,Byrle,Capps,Quebrada de Arena,Male,Jewelry
936,Sheridan,Beggini,Aracruz,Male,Shoes
937,Saraann,Menego,Tenancingo,Female,Movies
938,Neal,Siemandl,Swift Current,Male,Movies
939,Aldridge,Tofanini,Shajing,Male,Beauty
940,Shannan,Thomsen,Helsingborg,Male,Baby
941,Rowney,Willoughway,Kafarati,Male,Health
942,Frank,Jeanel,Derbur,Male,Outdoors
943,Darbee,Jekel,Krajan Kinanti,Male,Toys
944,Gareth,Castard,Singojuruh,Male,Home
945,Menard,Godspede,Lichengdao,Male,Industrial
946,Rufus,Pearn,Suishan,Male,Games
947,Winnah,Tatershall,Waitun,Female,Movies
948,Jessalyn,Hincham,Changyuan,Female,Automotive
949,Myrta,Allitt,Siruma,Female,Garden
950,Wyatt,Sitwell,Thị Trấn Kim Tân,Male,Music
951,Kelly,Gee,Boston,Genderfluid,Beauty
952,Connie,Leere,Neftegorsk,Female,Games
953,Aurora,Nassey,Marapanim,Female,Sports
954,Ellery,Wabersich,Youwei,Male,Garden
955,Skipton,Arrandale,Kalmar,Male,Tools
956,Viva,Causnett,Linghu,Female,Computers
957,Jareb,Absolon,Hengqiao,Male,Home
958,Lock,Leer,Wailang,Male,Automotive
959,Corabella,Langdale,Dongpu,Female,Computers
960,Franky,Climar,Orikhiv,Non-binary,Beauty
961,Sampson,Howie,Mabai,Male,Computers
962,Twyla,Dalbey,Zougang,Female,Kids
963,Cherilyn,McIlvoray,Emiliano Zapata,Female,Games
964,Chaim,Juggins,Suyo,Male,Movies
965,Simmonds,Isacoff,Néa Palátia,Male,Outdoors
966,Ginger,Douse,Sychëvo,Male,Games
967,Christy,Clendinning,Barão de Cocais,Female,Shoes
968,Rollo,Ionesco,Strasbourg,Male,Beauty
969,Whitman,Newsome,Meishan,Male,Health
970,Bartholemy,Mallan,Zhongling,Male,Sports
971,Bev,Scogings,Sapareva Banya,Male,Grocery
972,Blondelle,Wickerson,Koroyo,Female,Kids
973,Thorstein,Housby,Hamberang Sabrang,Male,Jewelry
974,Blinnie,Gradwell,Al Quţayfah,Female,Industrial
975,Berke,Benzies,Cateel,Male,Books
976,Calvin,Wofenden,Dengzhou,Male,Games
977,Paolina,Ambresin,Wādī as Sīr,Non-binary,Health
978,Kennith,Bland,Karanganyar,Male,Games
979,Wolfgang,O'Mailey,Dubti,Male,Books
980,Fawnia,Butterick,Tongshanxiang,Female,Tools
981,King,Cringle,Ribeirão Preto,Male,Automotive
982,Waiter,Ruzicka,Gœsdorf,Male,Sports
983,Alfy,Isitt,Kajansi,Female,Shoes
984,Maxy,Berkley,Połaniec,Female,Movies
985,Demetrius,Pattle,Dodu Dua,Male,Automotive
986,Kelwin,Macek,Shenzhengqiao,Male,Jewelry
987,Coleman,Diperaus,Jakartovice,Polygender,Home
988,Tulley,Mesant,Villanova,Male,Health
989,Ogdon,Woodhall,Glogovac,Male,Movies
990,Freddie,Seller,Retiro,Female,Clothing
991,Elvera,Skellion,Rio Negro,Female,Home
992,Isabeau,Cammis,Dobřany,Female,Electronics
993,Elianora,Felder,Calasgasan,Female,Beauty
994,Emera,Sallarie,Malaga,Female,Garden
995,Jenna,Duckworth,Joaçaba,Female,Shoes
996,Bartlett,Fussen,Dobra,Male,Toys
997,Marcelo,Brayson,Stepanovićevo,Male,Toys
998,Dan,Lempertz,Huajialing,Male,Outdoors
999,Diarmid,Vondrys,Jinan,Male,Books
1000,Egan,Hans,Parista,Male,Music
